https://experts.shopify.com/location/spain#main,error,
https://experts.shopify.com/partners/directory,error,
https://experts.shopify.com/services/identity/login?return_to=https://shopify.com/partners/directory,error,
https://experts.shopify.com/partners/directory/services,error,
https://experts.shopify.com/partners/directory/services/marketing-and-sales/email-marketing,error,
https://experts.shopify.com/partners/directory/services/marketing-and-sales/seo-and-paid-search,error,
https://experts.shopify.com/partners/directory/services/marketing-and-sales/setup-search-engine-advertising-campaigns,error,
https://experts.shopify.com/partners/directory/services/marketing-and-sales/social-media-marketing,error,
https://experts.shopify.com/partners/directory/services/marketing-and-sales/content-marketing,error,
https://experts.shopify.com/partners/directory/services/marketing-and-sales/sales-channel-setup,error,
https://experts.shopify.com/partners/directory/services/marketing-and-sales/conversion-rate-optimization,error,
https://experts.shopify.com/partners/directory/services/marketing-and-sales/analytics-and-tracking,error,
https://experts.shopify.com/partners/directory/services/store-setup/customize-design,error,
https://experts.shopify.com/partners/directory/services/store-setup/migrate-from-another-platform,error,
https://experts.shopify.com/partners/directory/services/store-setup/set-up-products-and-collections,error,
https://experts.shopify.com/partners/directory/services/store-setup/customize-theme,error,
https://experts.shopify.com/partners/directory/services/store-setup/configure-settings,error,
https://experts.shopify.com/partners/directory/services/store-setup/pos-setup-and-migration,error,
https://experts.shopify.com/partners/directory/services/store-setup/headless-commerce,error,
https://experts.shopify.com/partners/directory/services/store-setup/website-audit-and-optimization-strategy,error,
https://experts.shopify.com/partners/directory/services/store-setup/ongoing-website-management,error,
https://experts.shopify.com/partners/directory/services/store-setup/checkout-upgrade,error,
https://experts.shopify.com/partners/directory/services/development-and-troubleshooting/custom-apps-integrations,error,
https://experts.shopify.com/partners/directory/services/development-and-troubleshooting/domain-setup,error,
https://experts.shopify.com/partners/directory/services/development-and-troubleshooting/troubleshooting-and-problem-resolution,error,
https://experts.shopify.com/partners/directory/services/development-and-troubleshooting/systems-integration,error,
https://experts.shopify.com/partners/directory/services/visual-content-and-branding/develop-brand-look-and-feel,error,
https://experts.shopify.com/partners/directory/services/visual-content-and-branding/create-custom-banner-ads,error,
https://experts.shopify.com/partners/directory/services/visual-content-and-branding/video-and-illustrations,error,
https://experts.shopify.com/partners/directory/services/visual-content-and-branding/take-product-photos,error,
https://experts.shopify.com/partners/directory/services/visual-content-and-branding/create-3d-models-ar,error,
https://experts.shopify.com/partners/directory/services/content-writing/write-product-descriptions,error,
https://experts.shopify.com/partners/directory/services/content-writing/website-marketing-content,error,
https://experts.shopify.com/partners/directory/services/expert-guidance/business-strategy-guidance,error,
https://experts.shopify.com/partners/directory/services/expert-guidance/product-sourcing-guidance,error,
https://experts.shopify.com/partners/directory/services/expert-guidance/guidance-for-improving-your-site-performance-and-speed,error,
https://experts.shopify.com/partners/directory/services/expert-guidance/tax-setup,error,
https://experts.shopify.com/partners/directory/services/expert-guidance/wholesale-or-b2b,error,
https://experts.shopify.com/partners/directory/services/expert-guidance/international-expansion,error,
https://experts.shopify.com/partners/directory/services/expert-guidance/product-development,error,
https://experts.shopify.com/partners/directory/locations/united-states,error,
https://experts.shopify.com/partners/directory/locations/canada,error,
https://experts.shopify.com/partners/directory/locations/india,error,
https://experts.shopify.com/partners/directory/locations/united-kingdom,error,
https://experts.shopify.com/partners/directory/locations/australia,error,
https://experts.shopify.com/partners/directory/locations/germany,error,
https://experts.shopify.com/partners/directory/locations/france,error,
https://experts.shopify.com/partners/directory/locations/italy,error,
https://experts.shopify.com/partners/directory/locations,error,
https://experts.shopify.com/partners/directory/partner/mo-marketing-para-tus-oidos,error,
https://experts.shopify.com/partners/directory/partner/crisp,error,
https://experts.shopify.com/partners/directory/partner/migraciones-io,error,
https://experts.shopify.com/partners/directory/partner/jose-daniel-exposito-marco,error,
https://experts.shopify.com/partners/directory/partner/marco-mattiello1,error,
https://experts.shopify.com/partners/directory/partner/activaretail,error,
https://experts.shopify.com/partners/directory/partner/rocket-digital-consultancy,error,
https://experts.shopify.com/partners/directory/partner/webmefy-com,error,
https://experts.shopify.com/partners/directory/partner/uow-marketing,error,
https://experts.shopify.com/partners/directory/partner/pango-studio-sl,error,
https://experts.shopify.com/partners/directory/partner/red-uncle,error,
https://experts.shopify.com/partners/directory/partner/fik,error,
https://experts.shopify.com/partners/directory/partner/peanut,error,
https://experts.shopify.com/partners/directory/partner/onilagency,error,
https://experts.shopify.com/partners/directory/partner/ohdigital,error,
https://experts.shopify.com/partners/directory/partner/teklamedia,error,
https://experts.shopify.com/location/spain?page=1,error,
https://experts.shopify.com/location/spain?page=2,error,
https://experts.shopify.com/partners/directory/partner/laura-bonmati,error,
https://experts.shopify.com/partners/directory/partner/fantasticfy,error,
https://experts.shopify.com/partners/directory/partner/3dids,error,
https://experts.shopify.com/partners/directory/partner/microapps,error,
https://experts.shopify.com/partners/directory/partner/roberto-lopez-martinez,error,
https://experts.shopify.com/partners/directory/partner/linea-grafica-ece-s-l,error,
https://experts.shopify.com/partners/directory/partner/digitaltakeout,error,
https://experts.shopify.com/partners/directory/partner/youngpixel,error,
https://experts.shopify.com/partners/directory/partner/maktagg,error,
https://experts.shopify.com/partners/directory/partner/cangopal,error,
https://experts.shopify.com/partners/directory/partner/rever-tech-admin,error,
https://experts.shopify.com/partners/directory/partner/moddo5,error,
https://experts.shopify.com/partners/directory/partner/webimpacto3,error,
https://experts.shopify.com/partners/directory/partner/dos-setenta-marketing-y-desarrollo,error,
https://experts.shopify.com/partners/directory/partner/growjuno,error,
https://experts.shopify.com/partners/directory/partner/clickboom,error,
https://experts.shopify.com/location/spain?page=3,error,
https://experts.shopify.com/partners/directory/partner/artabria,error,
https://experts.shopify.com/partners/directory/partner/upango-consulting,error,
https://experts.shopify.com/partners/directory/partner/lifeisunion,error,
https://experts.shopify.com/partners/directory/partner/winc,error,
https://experts.shopify.com/partners/directory/partner/onesdata,error,
https://experts.shopify.com/partners/directory/partner/vranded-iberica-s-l,error,
https://experts.shopify.com/partners/directory/partner/blueant-solutions,error,
https://experts.shopify.com/partners/directory/partner/fausto-ruiz-madrid,error,
https://experts.shopify.com/partners/directory/partner/numericco1,error,
https://experts.shopify.com/partners/directory/partner/the-network-arquitectos-de-ideas,error,
https://experts.shopify.com/about,error,
https://experts.shopify.com/careers,error,
https://experts.shopify.com/partners,error,
https://experts.shopify.com/affiliates,error,
https://experts.shopify.com/legal,error,
https://experts.shopify.com/shop-pay,error,
https://experts.shopify.com/plus,error,
https://experts.shopify.com/fulfillment,error,
https://experts.shopify.com/enterprise,error,
https://experts.shopify.com/climate,error,
https://experts.shopify.com/about/social-impact,error,
https://experts.shopify.com/plus/commerce-trends,error,
https://experts.shopify.com/online,error,
https://experts.shopify.com/website/builder,error,
https://experts.shopify.com/tour/ecommerce-website,error,
https://experts.shopify.com/partners/directory/locations/spain,error,
https://experts.shopify.com/legal/terms,error,
https://experts.shopify.com/legal/privacy,error,
https://experts.shopify.com/sitemap,error,
https://experts.shopify.com/editions/winter2025,error,
https://experts.shopify.com/partners/directory/services/marketing-and-sales,error,
https://experts.shopify.com/partners/directory/services/store-setup,error,
https://experts.shopify.com/partners/directory/services/development-and-troubleshooting,error,
https://experts.shopify.com/partners/directory/services/visual-content-and-branding,error,
https://experts.shopify.com/partners/directory/services/content-writing,error,
https://experts.shopify.com/partners/directory/services/expert-guidance,error,
https://experts.shopify.com/partners/directory/plus,error,
